<?xml version="1.0" encoding="UTF-8"?>
<project-private xmlns="http://www.netbeans.org/ns/project-private/1">
    <editor-bookmarks xmlns="http://www.netbeans.org/ns/editor-bookmarks/2" lastBookmarkId="0"/>
    <open-files xmlns="http://www.netbeans.org/ns/projectui-open-files/2">
        <group>
            <file>file:/C:/Users/adria/OneDrive/Documentos/Egg/6-Guia%20POO/ejercicios/ex4/src/ex4/Ex4.java</file>
            <file>file:/C:/Users/adria/OneDrive/Documentos/Egg/6-Guia%20POO/ejercicios/ex4/src/Servicios/ServiciosNif.java</file>
        </group>
    </open-files>
</project-private>
